4510;e25d291d-20dc-4548-93e7-ff8e270771af;4qFviwSZ9J;Gonzalo;Jacobson;gonzalo.jacobson;gonzalo.jacobson@email.com;https://robohash.org/accusamusquissequi.png?size=300x300&set=set1;Bigender;+213 351-786-8968 x7149;329640395;1961-12-07;true
1494;0d60e7ab-e9ab-4384-878e-8e87701a234a;9pfdM36wit;Evangelina;Quigley;evangelina.quigley;evangelina.quigley@email.com;https://robohash.org/suntdelenitidoloribus.png?size=300x300&set=set1;Bigender;+1-268 1-738-514-4921 x12581;140352055;1986-09-07;true
951;52c26e88-a345-482c-8b19-4c4e7e31a4bd;cxfFqIQHut;Colby;Crist;colby.crist;colby.crist@email.com;https://robohash.org/velquaeratrepellendus.png?size=300x300&set=set1;Bigender;+967 796.157.9576 x26476;547484659;2003-01-24;true
8245;2c26887e-2726-4406-b071-3c137f053b29;K0vHuWoPX6;Wilda;Zulauf;wilda.zulauf;wilda.zulauf@email.com;https://robohash.org/sedodiodolores.png?size=300x300&set=set1;Agender;+594 (303) 072-8135 x57128;318190626;2001-06-16;true
9935;8413ff79-2aff-470c-8ead-f8eee2f06492;O7wbcM5ugt;Benny;Padberg;benny.padberg;benny.padberg@email.com;https://robohash.org/dolorarchitectonemo.png?size=300x300&set=set1;Genderqueer;+222 (730) 120-8129 x2249;946804754;1999-01-30;true
1089;d62efcf4-849c-46ed-b6d4-719bc013b5d0;2BqiX5mHLW;Chelsea;Lakin;chelsea.lakin;chelsea.lakin@email.com;https://robohash.org/inventorecommodiveritatis.png?size=300x300&set=set1;Female;+378 108.720.1417;122323041;1982-10-17;true
2288;2b1e2766-1cd7-4049-9e13-67baeaadde6b;YWfNguR8UZ;Vilma;Kozey;vilma.kozey;vilma.kozey@email.com;https://robohash.org/utipsamnisi.png?size=300x300&set=set1;Non-binary;+996 874.690.8915 x2328;611396730;1960-10-07;true
1032;f5935a9d-6559-4ba5-82f0-90996088685b;j5EUzvkS2u;Sybil;Walker;sybil.walker;sybil.walker@email.com;https://robohash.org/autinaspernatur.png?size=300x300&set=set1;Genderqueer;+373 343-752-1039 x71111;203333133;1969-02-26;true
3424;284545ad-ac62-4afb-a91a-388187528663;RgYd3LCtSX;Edison;Bayer;edison.bayer;edison.bayer@email.com;https://robohash.org/beataeilloqui.png?size=300x300&set=set1;Agender;+241 342.941.1933 x271;625317367;1965-05-03;true
6622;0ce96c23-0ea4-4e96-8e4f-0ca85c0033e4;eGDlhaJpNM;Sharita;Kunde;sharita.kunde;sharita.kunde@email.com;https://robohash.org/rerumodionon.png?size=300x300&set=set1;Genderfluid;+977 769-447-7752;648894780;1989-05-10;true
